date,Open,High,Low,close,Adj_Close,Volume
2008-10-27,13.581429,16.027143,13.122857,15.370000,13.621751,2022932100
2008-11-03,15.132857,15.970000,13.674286,14.034286,12.437966,1531850600
2008-11-10,14.310000,14.342857,12.288571,12.891429,11.425105,1696672600
2008-11-17,12.640000,13.082857,11.305715,11.797143,10.455286,1707552000
2008-11-24,12.172857,13.607142,12.120000,13.238571,11.732760,968790200
2008-12-01,13.042857,13.747143,12.357142,13.428572,11.901148,1386583800
2008-12-08,13.897142,14.800000,13.218572,14.038571,12.441764,1352119300
2008-12-15,13.712857,13.782857,12.574286,12.857142,11.394715,1234615200
2008-12-22,12.860000,12.861428,12.078571,12.258572,10.864227,514857700
2008-12-29,12.360000,13.005714,12.102858,12.964286,11.489671,751789500
2009-01-05,13.310000,13.881429,12.862857,12.940000,11.468150,1111078500
2009-01-12,12.922857,12.998571,11.435715,11.761429,10.423635,1329259400
2009-01-19,11.704286,12.857142,11.171429,12.622857,11.187080,1045620800
2009-01-26,12.694285,13.571428,12.614285,12.875714,11.411176,853972700
2009-02-02,12.728572,14.285714,12.700000,14.245714,12.625346,850608500
2009-02-09,14.285714,14.714286,13.681429,14.165714,12.554445,916302800
2009-02-16,13.838572,13.862857,12.714286,13.028571,11.546645,759034500
2009-02-23,13.092857,13.274285,12.358571,12.758572,11.307357,940916900
2009-03-02,12.588572,13.252857,11.761429,12.185715,10.799662,988680000
2009-03-09,12.025714,13.885715,11.795714,13.704286,12.145500,939638700
2009-03-16,13.790000,14.782857,13.454286,14.512857,12.862102,893923800
2009-03-23,14.672857,15.711429,14.535714,15.264286,13.528061,765688000
2009-03-30,14.930000,16.590000,14.658571,16.570000,14.685257,777714000
2009-04-06,16.420000,17.142857,16.182858,17.081429,15.138514,545258000
2009-04-13,17.144285,17.750000,16.537144,17.631428,15.625950,586920600
2009-04-20,17.389999,18.171429,16.942858,17.700001,15.686729,840459900
2009-04-27,17.557142,18.278572,17.522858,18.177143,16.109594,572665800
2009-05-04,18.320000,19.071428,18.037144,18.455715,16.356487,620223100
2009-05-11,18.195715,18.708570,17.054285,17.488571,15.499349,606376400
2009-05-18,17.675714,18.472857,17.367144,17.500000,15.509477,481448100
2009-05-25,17.822857,19.414286,17.792856,19.401428,17.194626,556859100
2009-06-01,19.495714,20.914286,19.428572,20.667143,18.316374,664318200
2009-06-08,20.545713,20.651428,19.434286,19.567142,17.341492,846287400
2009-06-15,19.430000,19.928572,19.218571,19.925714,17.659285,693876400
2009-06-22,20.095715,20.508572,18.982857,20.348572,18.034039,713951000
2009-06-29,20.494286,20.665714,19.969999,20.002857,17.727648,446624500
2009-07-06,19.814285,19.954287,19.202858,19.788572,17.537737,581128800
2009-07-13,19.934286,21.717142,19.647142,21.678572,19.212759,578015200
2009-07-20,21.895714,22.857143,21.392857,22.855715,20.256012,862434300
2009-07-27,22.881428,23.571428,22.465714,23.341429,20.686476,517791400
2009-08-03,23.601429,23.912857,23.298571,23.644285,20.954887,485551500
2009-08-10,23.665714,24.095715,23.125713,23.825714,21.115675,461626200
2009-08-17,23.364286,24.195715,22.774286,24.174286,21.424595,531727700
2009-08-24,24.302856,24.641428,23.547142,24.292856,21.529686,484541400
2009-08-31,24.022858,24.385714,23.444286,24.330000,21.562601,453299700
2009-09-07,24.711428,24.924286,24.242857,24.594286,21.796825,491557500
2009-09-14,24.404285,26.684286,24.321428,26.431429,23.425005,728665000
2009-09-21,26.327143,26.985714,25.920000,26.052856,23.089489,596038100
2009-09-28,26.267143,26.771429,25.814285,26.414286,23.409815,575108800
2009-10-05,26.600000,27.350000,26.324286,27.209999,24.115017,556342500
2009-10-12,27.288572,27.474285,26.834286,26.864286,23.808634,454134800
2009-10-19,26.835714,29.815714,26.507143,29.134285,25.820433,1122293900
2009-10-26,29.095715,29.535715,26.881428,26.928572,23.865601,836768100
2009-11-02,27.114286,27.884285,26.510000,27.762857,24.604996,592238500
2009-11-09,28.134285,29.285715,28.037144,29.207144,25.884998,520223200
2009-11-16,29.354286,29.714285,28.251429,28.559999,25.311466,551258400
2009-11-23,29.000000,29.428572,28.338572,28.655714,25.396292,343761600
2009-11-30,28.730000,28.967142,27.182858,27.617144,24.475849,720371400
2009-12-07,27.617144,28.528572,26.954287,27.809999,24.646772,752346000
2009-12-14,27.910000,28.215714,27.285715,27.918571,24.742996,566461000
2009-12-21,28.007143,29.907143,27.952858,29.862858,26.466131,451959200
2009-12-28,30.245714,30.564285,29.758572,30.104286,26.680096,463566600
2010-01-04,30.490000,30.798571,29.864286,30.282858,26.838356,643134100
2010-01-11,30.400000,30.428572,29.157143,29.418571,26.072376,672385700
2010-01-18,29.761429,30.792856,28.165714,28.250000,25.036724,708020600
2010-01-25,28.930000,30.530001,27.178572,27.437143,24.316326,1768708200
2010-02-01,27.481428,28.600000,27.264286,27.922857,24.746792,917876400
2010-02-08,27.955715,28.805714,27.714285,28.625713,25.369703,671833400
2010-02-15,28.848572,29.187143,28.694286,28.809999,25.533033,454607300
2010-02-22,28.905714,29.309999,27.958570,29.231428,25.906523,649702900
2010-03-01,29.392857,31.385714,29.350000,31.278572,27.720818,688588600
2010-03-08,31.430000,32.532856,31.127142,32.371429,28.689367,692097700
2010-03-15,32.197144,32.349998,31.464285,31.750000,28.138622,573230700
2010-03-22,31.495714,33.135715,31.450001,32.985714,29.233780,709947700
2010-03-29,33.285713,34.104286,33.088570,33.709999,29.875681,525464800
2010-04-05,33.568573,34.560001,33.538570,34.541428,30.612543,666799700
2010-04-12,34.599998,35.877144,34.444286,35.342857,31.322824,542661000
2010-04-19,35.290001,38.882858,34.538570,38.689999,34.289246,969505600
2010-04-26,38.840000,38.922855,36.630001,37.298573,33.056076,762029800
2010-05-03,37.691429,38.268570,28.464285,33.694286,29.861755,1255786000
2010-05-10,35.750000,37.857143,35.504284,36.259998,32.135639,961667000
2010-05-17,36.385715,36.935715,33.049999,34.617142,30.679644,1269511600
2010-05-24,35.325714,37.057144,33.880001,36.697144,32.523060,1033699100
2010-05-31,37.098572,37.991428,36.375713,36.565716,32.406574,743358000
2010-06-07,36.898571,37.021427,34.599998,36.215714,32.096386,1016114400
2010-06-14,36.565716,39.285713,36.287144,39.152859,34.699448,907297300
2010-06-21,39.669998,39.858570,37.972858,38.099998,33.766338,881607300
2010-06-28,38.132858,38.535713,34.742859,35.277142,31.264568,1043620900
2010-07-05,35.857143,37.557144,35.165714,37.088570,32.869972,610314600
2010-07-12,36.932858,37.407143,35.204285,35.700001,31.639339,1107643600
2010-07-19,35.697144,37.878571,34.228573,37.134285,32.910473,1115951900
2010-07-26,37.142857,37.998573,36.414288,36.750000,32.569897,654331300
2010-08-02,37.205715,37.754284,36.804287,37.155716,32.929466,500019800
2010-08-09,37.354286,37.450001,35.160000,35.585712,31.538038,566223000
2010-08-16,35.368572,36.381428,35.231430,35.662857,31.606419,472925600
2010-08-23,35.970001,36.000000,33.651428,34.517143,30.591021,657092800
2010-08-30,34.394287,36.968571,34.335712,36.967144,32.762356,609332500
2010-09-06,36.662857,38.074287,36.607143,37.630001,33.349808,423806600
2010-09-13,37.974285,39.708572,37.931427,39.338570,34.864040,628219900
2010-09-20,39.439999,41.932858,39.407143,41.759998,37.010033,836911600
2010-09-27,41.997143,42.104286,39.285713,40.360001,35.769287,777263900
2010-10-04,40.228573,42.071430,39.681427,42.009998,37.231598,668735200
2010-10-11,42.105713,45.000000,41.784286,44.962856,39.848583,743470000
2010-10-18,45.495716,45.571430,42.860001,43.924286,38.928150,992914300
2010-10-25,44.155716,44.514286,42.981430,42.997143,38.106464,541489200
2010-11-01,43.174286,45.740002,43.171429,45.304287,40.151188,592477200
2010-11-08,45.314285,45.900002,43.375713,44.004284,38.999046,551665100
2010-11-15,44.065716,44.362858,42.537144,43.818573,38.834469,605010000
2010-11-22,43.811428,45.385715,43.695713,45.000000,39.881516,390958400
2010-11-29,45.071430,45.571430,44.410000,45.348572,40.190437,553581000
2010-12-06,45.520000,46.284286,45.301430,45.794285,40.585457,429633400
2010-12-13,46.338570,46.437141,45.571430,45.801430,40.591789,479273900
2010-12-20,45.942856,46.531429,45.461430,46.228573,40.970348,282760800
2010-12-27,46.121429,46.665714,45.901428,46.080002,40.838676,234970400
2011-01-03,46.520000,48.049999,46.405716,48.017143,42.555470,405524700
2011-01-10,48.404285,49.782856,48.167141,49.782856,44.120350,450219700
2011-01-17,47.074287,49.799999,46.571430,46.674286,41.365353,1133950300
2011-01-24,46.695713,49.371429,46.674286,48.014286,42.552940,626377500
2011-01-31,47.971428,49.528572,47.757141,49.500000,43.869663,444618300
2011-02-07,49.698570,51.428570,49.662857,50.978573,45.180054,661232600
2011-02-14,50.970001,52.128571,49.931427,50.080002,44.383694,605597300
2011-02-21,48.878571,49.775715,48.245716,49.737144,44.079834,606082400
2011-02-28,50.177143,51.470001,49.668571,51.428570,45.578861,603964200
2011-03-07,51.628571,51.667141,49.271427,50.284286,44.564735,583591400
2011-03-14,50.454285,50.925713,46.608570,47.238571,41.865459,932921500
2011-03-21,47.998573,50.294285,47.894287,50.220001,44.507763,490485800
2011-03-28,50.450001,50.617142,49.042858,49.222858,43.624039,421085700
2011-04-04,49.187141,49.228573,47.707142,47.865715,42.421265,524084400
2011-04-11,47.722858,48.020000,46.685715,46.779999,41.459042,481553100
2011-04-18,46.585712,50.732857,45.737144,50.099998,44.401413,620938500
2011-04-25,50.048573,50.712856,49.360001,50.018570,44.329247,582215900
2011-05-02,49.962856,50.261429,49.357143,49.522858,43.889919,440353900
2011-05-09,49.694286,50.000000,48.621429,48.642857,43.110012,367738700
2011-05-16,48.457142,48.915714,47.247143,47.888573,42.441509,459006100
2011-05-23,47.138573,48.365715,47.060001,48.201427,42.718788,356477800
2011-05-30,48.728573,50.304287,48.714287,49.062859,43.482239,406117600
2011-06-06,49.385715,49.578571,46.501427,46.557144,41.261547,508623500
2011-06-13,46.742859,47.607143,45.475716,45.751427,40.547474,547212400
2011-06-20,45.337143,47.592857,44.357143,46.621429,41.318512,631044400
2011-06-27,46.798573,49.071430,46.750000,49.037144,43.459450,436231600
2011-07-04,49.000000,51.428570,48.928570,51.387142,45.542156,422244200
2011-07-11,50.905716,52.142857,49.802856,52.131428,46.201782,550230800
2011-07-18,52.204285,56.610001,52.182858,56.185715,49.794910,844100600
2011-07-25,55.764286,57.785713,54.857143,55.782856,49.437874,738082800
2011-08-01,56.825714,57.071430,51.795715,53.374287,47.303272,1015220500
2011-08-08,51.669998,54.234287,50.431427,53.855713,47.729946,1094004800
2011-08-15,54.232857,54.995716,50.857143,50.861427,45.076233,757169700
2011-08-22,52.072857,54.828571,50.727142,54.797142,48.564278,832810300
2011-08-29,55.454285,56.011429,53.118572,53.435715,47.357708,532110600
2011-09-05,52.481430,55.515713,52.354286,53.925713,47.791973,460311600
2011-09-12,53.285713,57.214287,53.128571,57.214287,50.706490,639862300
2011-09-19,56.714287,60.408573,56.457142,57.757141,51.187603,930087200
2011-09-26,57.122856,58.464287,54.454285,54.474285,48.278152,768434800
2011-10-03,54.338570,54.968571,50.605713,52.828571,46.819630,1009321600
2011-10-10,54.155716,60.285713,54.029999,60.285713,53.428570,667510200
2011-10-17,60.248573,60.957142,55.821430,56.124287,49.740475,960555400
2011-10-24,56.597141,58.428570,56.164288,57.849998,51.269901,551594400
2011-10-31,57.488571,58.475716,56.174286,57.177143,50.673569,497064400
2011-11-07,57.130001,58.285713,54.322857,54.945713,48.695946,656985000
2011-11-14,54.788570,55.877144,53.554287,53.562859,47.470387,516191200
2011-11-21,52.914288,53.990002,51.902859,51.938572,46.030861,385008400
2011-11-28,53.192856,56.232857,52.885715,55.671429,49.339123,473610900
2011-12-05,56.212856,56.630001,55.251427,56.231430,49.835430,404726000
2011-12-12,55.954285,56.485714,53.954285,54.431427,48.240166,431140500
2011-12-19,54.638573,57.655716,54.354286,57.618572,51.064789,326862900
2011-12-26,57.585712,58.441429,57.215714,57.857143,51.276226,222344500
2012-01-02,58.485714,60.392857,58.428570,60.342857,53.479202,287951300
2012-01-09,60.785713,61.107143,59.808571,59.972858,53.151287,326478600
2012-01-16,60.599998,61.624287,59.964287,60.042858,53.213322,298850300
2012-01-23,60.381428,64.921425,59.935715,63.897144,56.629215,608927200
2012-01-30,63.672855,65.714287,63.627144,65.668571,58.199146,378616700
2012-02-06,65.482857,71.088570,65.457146,70.488571,62.470917,622260800
2012-02-13,71.361427,75.184288,69.518570,71.731430,63.572411,991022900
2012-02-20,72.411430,74.699997,72.017143,74.629997,66.141258,517999300
2012-02-27,74.472855,78.315712,73.754288,77.882858,69.024132,803740700
2012-03-05,77.917145,78.248573,73.745712,77.881432,69.022873,838315100
2012-03-12,78.425713,85.715714,78.142860,83.652855,74.137825,1125546800
2012-03-19,85.481430,87.092857,84.150002,85.150002,75.464684,854074900
2012-03-26,85.684288,88.778572,85.037140,85.650002,75.907799,799402100
2012-04-02,85.975716,90.665718,85.768570,90.525711,80.228951,661797500
2012-04-09,89.447144,92.000000,86.215714,86.461426,76.626945,914464600
2012-04-16,87.151428,88.607140,81.488571,81.854286,72.543831,1224137600
2012-04-23,81.515717,88.285713,79.285713,86.142860,76.344620,972811700
2012-04-30,85.400002,85.485718,80.738571,80.750000,71.565163,616268800
2012-05-07,80.214287,82.268570,79.818573,80.958572,71.750015,542705100
2012-05-14,80.367142,81.072861,74.597145,75.768570,67.150352,709842700
2012-05-21,76.357140,82.357140,76.292854,80.327141,71.190392,683902800
2012-05-28,81.557144,83.071426,80.074287,80.141426,71.025803,480650100
2012-06-04,80.214287,82.940002,78.357140,82.902855,73.473129,518487200
2012-06-11,83.959999,84.071426,80.957146,82.018570,72.689438,500263400
2012-06-18,81.565712,84.285713,81.481430,83.157143,73.698509,442895600
2012-06-25,82.471428,83.428574,80.801430,83.428574,73.939056,372063300
2012-07-02,83.532860,87.762856,83.371429,86.554283,76.709236,386279600
2012-07-09,86.471428,88.552856,84.668571,86.424286,76.594017,525038500
2012-07-16,86.445717,87.907143,86.164284,86.328575,76.509201,420479500
2012-07-23,84.914284,87.097145,81.428574,83.594284,74.085922,685247500
2012-07-30,84.417145,88.282860,83.974289,87.957146,77.952522,475762700
2012-08-06,88.184288,89.285713,87.894287,88.814285,78.712173,313459300
2012-08-13,89.055717,92.598572,89.035713,92.587143,82.408203,393409800
2012-08-20,92.858574,96.411430,92.587143,94.745712,84.329453,712224100
2012-08-27,97.141426,97.267143,93.892860,95.034286,84.586311,384563200
2012-09-03,95.108574,97.497147,94.928574,97.205711,86.519005,356282500
2012-09-10,97.207146,99.568573,93.714287,98.754288,87.897346,725762100
2012-09-17,99.907143,100.724289,99.088570,100.012856,89.017540,501641700
2012-09-24,98.122856,99.302856,94.335716,95.300003,84.822784,716065000
2012-10-01,95.879997,96.678574,92.949997,93.227142,82.977821,640150000
2012-10-08,92.411430,92.508568,89.078575,89.958572,80.068604,748260800
2012-10-15,90.335716,93.255714,87.088570,87.120003,77.542114,648005400
2012-10-22,87.488571,90.768570,84.428574,86.285713,76.799545,871790500
2012-10-29,84.982857,86.142860,82.107140,82.400002,73.341011,367668700
2012-11-05,83.360001,84.391426,76.245712,78.151428,69.559540,920940300
2012-11-12,79.164284,79.214287,72.250000,75.382858,67.401772,895681500
2012-11-19,77.244286,81.714287,77.125717,81.642860,72.999016,527975000
2012-11-26,82.271431,84.892860,81.751427,83.611427,74.759140,647698100
2012-12-03,84.807144,84.941429,74.089996,76.178574,68.113251,982559900
2012-12-10,75.000000,78.508568,72.225716,72.827141,65.116653,836203200
2012-12-17,72.704285,76.414284,71.604286,74.190002,66.335205,727654900
2012-12-24,74.335716,74.892860,72.094284,72.798569,65.091110,321897100
2012-12-31,72.932854,79.285713,72.714287,75.285713,67.314934,541827300
2013-01-07,74.571426,75.984283,73.599998,74.328575,66.459114,575530200
2013-01-14,71.811432,72.964287,69.054283,71.428574,63.866150,807096500
2013-01-21,72.080002,73.570000,62.142857,62.840000,56.186886,997983700
2013-01-28,62.547142,66.085716,62.265713,64.802856,57.941925,658162400
2013-02-04,64.844284,68.401428,63.142857,67.854286,60.670288,745477600
2013-02-11,68.071426,69.277145,65.702858,65.737144,59.119843,587192900
2013-02-18,65.871429,66.104286,63.259998,64.401428,57.918598,422480800
2013-02-25,64.835716,65.017143,61.425713,61.495716,55.305378,584098200
2013-03-04,61.114285,62.204285,59.857143,61.674286,55.465977,635348700
2013-03-11,61.392857,63.461430,60.734287,63.380001,56.999981,573383300
2013-03-18,63.064285,66.014282,63.028572,65.987144,59.344692,554998500
2013-03-25,66.384285,67.135712,63.088570,63.237144,56.871506,392376600
2013-04-01,63.128571,63.385715,59.954285,60.457142,54.371346,506152500
2013-04-08,60.692856,62.570000,60.355713,61.400002,55.219299,387587200
2013-04-15,61.000000,61.127144,55.014286,55.790001,50.174019,710980200
2013-04-22,56.091427,59.824287,55.895714,59.599998,53.600491,803186300
2013-04-29,60.064285,64.747147,60.000000,64.282860,57.811966,655475800
2013-05-06,65.101425,66.535713,64.354286,64.709999,58.196106,546583100
2013-05-13,64.501427,65.414284,59.842857,61.894287,56.032265,634197200
2013-05-20,61.701427,64.050003,61.442856,63.592857,57.569977,494956700
2013-05-27,64.271431,65.300003,62.771427,64.247147,58.162281,363636000
2013-06-03,64.389999,64.918571,61.824287,63.115715,57.138012,444285100
2013-06-10,63.532856,64.154289,61.214287,61.435715,55.617115,389797800
2013-06-17,61.634285,62.242859,58.299999,59.071430,53.476768,400952300
2013-06-24,58.200001,58.380001,55.552856,56.647144,51.282078,519598800
2013-07-01,57.527142,60.470001,57.317142,59.631428,53.983723,343968100
2013-07-08,60.015713,61.398571,58.625713,60.930000,55.159309,384496000
2013-07-15,60.715714,62.124287,60.595715,60.707142,54.957542,286261500
2013-07-22,61.351429,63.512856,59.815716,62.998573,57.031963,399693700
2013-07-29,62.971428,66.121429,62.885715,66.077141,59.818958,340368000
2013-08-05,66.384285,67.412857,64.807144,64.921425,58.772709,368803400
2013-08-12,65.265717,72.035713,65.232857,71.761429,65.393822,713836900
2013-08-19,72.048569,73.391426,71.171425,71.574287,65.223297,418006400
2013-08-26,71.535713,72.885712,69.428574,69.602859,63.426800,393679300
2013-09-02,70.442856,71.748573,69.621429,71.174286,64.858795,318213700
2013-09-09,72.142860,72.559998,66.385712,66.414284,60.521156,671366500
2013-09-16,65.857140,68.364288,63.888573,66.772858,60.847912,625948400
2013-09-23,70.871429,70.987144,68.674286,68.964287,62.844891,477167600
2013-09-30,68.178574,70.335716,67.772858,69.004288,62.881340,371211400
2013-10-07,69.508568,70.548569,68.325714,70.401428,64.154510,362819100
2013-10-14,69.975716,72.751427,69.907143,72.698570,66.247795,344302000
2013-10-21,73.110001,76.175713,72.575714,75.137146,68.470024,492112600
2013-10-28,75.577141,77.035713,73.505714,74.290001,67.698029,522749500
2013-11-04,74.442856,75.555717,73.197144,74.365715,67.767036,318788400
2013-11-11,74.284286,75.611427,73.487144,74.998573,68.742744,307322400
2013-11-18,74.998573,75.312859,73.381432,74.257141,68.063156,283388000
2013-11-25,74.431427,79.761429,74.428574,79.438568,72.812401,328067600
2013-12-02,79.714287,82.162857,78.688568,80.002853,73.329613,523313700
2013-12-09,80.128571,81.567146,79.095711,79.204285,72.597641,388398500
2013-12-16,79.288574,80.377144,76.971428,78.431427,71.889267,458770200
2013-12-23,81.142860,81.697144,79.928574,80.012856,73.338776,274688400
2013-12-30,79.637146,80.182854,77.204285,77.282860,70.836502,275966600
2014-01-06,76.778572,78.122856,75.872856,76.134285,69.783722,393118600
2014-01-13,75.701431,80.028572,75.697144,77.238571,70.795914,439677700
2014-01-20,77.284286,79.612854,77.202858,78.010002,71.503006,385276500
2014-01-27,78.581429,79.257141,70.507141,71.514282,65.549095,816627700
2014-02-03,71.801430,74.704285,71.328575,74.239998,68.047470,433633900
2014-02-10,74.094284,77.997147,74.000000,77.712860,71.656990,379059800
2014-02-17,78.000000,78.741432,74.942856,75.035713,69.188454,289665600
2014-02-24,74.735718,76.107140,73.657143,75.177139,69.318871,367732400
2014-03-03,74.774284,76.392860,74.687141,75.777145,69.872116,276050600
2014-03-10,75.480003,77.094284,74.714287,74.955711,69.114693,288019200
2014-03-17,75.385712,76.605713,75.028572,76.124283,70.192223,304098200
2014-03-24,76.917145,78.428574,76.321426,76.694283,70.717804,340089400
2014-03-31,77.032860,77.639999,75.797142,75.974289,70.053917,246861300
2014-04-07,75.431427,76.034286,73.877144,74.230003,68.445541,312819500
2014-04-14,74.557144,75.394287,73.047142,74.991432,69.147636,242816000
2014-04-21,75.048569,81.712860,74.851425,81.705711,75.338707,482559700
2014-04-28,81.828575,85.632858,81.792854,84.654289,78.057495,474766600
2014-05-05,84.305717,86.344284,82.904289,83.648575,77.130165,366597700
2014-05-12,83.927139,85.361427,83.628571,85.358574,79.146515,261613100
2014-05-19,85.407143,87.818573,85.332855,87.732857,81.348000,295605100
2014-05-26,87.982857,92.024284,87.947144,90.428574,83.847534,401210600
2014-06-02,90.565712,93.037140,88.928574,92.224289,85.512581,412821500
2014-06-09,92.699997,95.050003,90.879997,91.279999,84.636986,293147000
2014-06-16,91.510002,92.750000,90.900002,90.910004,84.293930,235227000
2014-06-23,91.320000,92.000000,89.650002,91.980003,85.286057,216257000
2014-06-30,92.099998,94.099998,92.089996,94.029999,87.186874,139062100
2014-07-07,94.139999,96.800003,93.519997,95.220001,88.290260,231830000
2014-07-14,95.860001,97.099998,92.570000,94.430000,87.557755,248970200
2014-07-21,94.989998,97.879997,93.720001,97.669998,90.561958,276392000
2014-07-28,97.820000,99.440002,94.809998,96.129997,89.134033,236825000
2014-08-04,96.370003,96.580002,93.279999,94.739998,87.845184,223025000
2014-08-11,95.269997,98.190002,94.839996,97.980003,91.301308,179363000
2014-08-18,98.489998,101.470001,97.980003,101.320000,94.413635,247332000
2014-08-25,101.790001,102.900002,100.699997,102.500000,95.513176,238846000
2014-09-01,103.059998,103.739998,97.790001,98.970001,92.223808,323160000
2014-09-08,99.300003,103.080002,96.139999,101.660004,94.730461,462051800
2014-09-15,102.809998,103.050003,98.889999,100.959999,94.078171,297352900
2014-09-22,101.800003,102.940002,97.720001,100.750000,93.882469,338824900
2014-09-29,98.650002,101.540001,98.040001,99.620003,92.829514,247749100
2014-10-06,99.949997,102.379997,98.309998,100.730003,93.863831,280258200
2014-10-13,101.330002,101.779999,95.180000,97.669998,91.012421,358539800
2014-10-20,98.320000,105.489998,98.220001,105.220001,98.047798,358532900
2014-10-27,104.849998,108.040001,104.699997,108.000000,100.638283,220230600
2014-11-03,108.220001,110.300003,107.720001,109.010002,101.579437,199952900
2014-11-10,109.019997,114.190002,108.400002,114.180000,106.858391,205166700
2014-11-17,114.269997,117.570000,113.300003,116.470001,109.001556,233414700
2014-11-24,116.849998,119.750000,116.620003,118.930000,111.303802,181873900
2014-12-01,118.809998,119.250000,111.269997,115.000000,107.625816,266589700
2014-12-08,114.099998,114.849998,109.349998,109.730003,102.693748,259868000
2014-12-15,110.699997,113.239998,106.260002,111.779999,104.612289,328856600
2014-12-22,112.160004,114.519997,111.970001,113.989998,106.680573,119396500
2014-12-29,113.790001,114.769997,107.349998,109.330002,102.319397,152088400
2015-01-05,108.290001,113.250000,104.629997,112.010002,104.827553,283252500
2015-01-12,112.599998,112.800003,105.199997,105.989998,99.193558,303607000
2015-01-19,107.839996,113.750000,106.500000,112.980003,105.735344,198737000
2015-01-26,113.739998,120.000000,109.029999,117.160004,109.647324,465842700
2015-02-02,118.050003,120.510002,116.080002,118.930000,111.303802,270757300
2015-02-09,118.550003,127.480003,118.430000,127.080002,119.400589,303206800
2015-02-16,127.489998,129.500000,126.919998,129.500000,121.674324,194354900
2015-02-23,130.020004,133.600006,126.610001,128.460007,120.697182,368216200
2015-03-02,129.250000,130.279999,125.760002,126.599998,118.949585,246938500
2015-03-09,127.959999,129.570007,121.629997,123.589996,116.121483,326514100
2015-03-16,123.879997,129.250000,122.870003,125.900002,118.291885,266672900
2015-03-23,127.120003,128.039993,122.599998,123.250000,115.802032,209326300
2015-03-30,124.050003,126.489998,123.099998,125.320000,117.746933,162031800
2015-04-06,124.470001,128.119995,124.330002,127.099998,119.419373,182207500
2015-04-13,128.369995,128.570007,124.459999,124.750000,117.211380,171186100
2015-04-20,125.570000,130.630005,125.169998,130.279999,122.407204,207440700
2015-04-27,132.309998,134.539993,124.580002,128.949997,121.157585,420972300
2015-05-04,129.500000,130.570007,123.360001,127.620003,119.907967,271892000
2015-05-11,127.389999,129.490005,124.820000,128.770004,121.493835,208301500
2015-05-18,128.380005,132.970001,128.360001,132.539993,125.050819,217297400
2015-05-25,132.600006,132.910004,129.119995,130.279999,122.918510,198148600
2015-06-01,130.279999,131.389999,128.360001,128.649994,121.380615,170746700
2015-06-08,128.899994,130.179993,125.620003,127.169998,119.984238,220114600
2015-06-15,126.099998,128.309998,125.709999,126.599998,119.446442,198525200
2015-06-22,127.489998,129.800003,126.510002,126.750000,119.587975,195594000
2015-06-29,125.459999,126.940002,124.480003,126.440002,119.295486,150981900
2015-07-06,124.940002,126.230003,119.220001,123.279999,116.314041,274944900
2015-07-13,125.029999,129.619995,124.320000,129.619995,122.295799,189244900
2015-07-20,130.970001,132.970001,121.989998,124.500000,117.465096,344269000
2015-07-27,123.089996,123.910004,120.910004,121.300003,114.445923,191598600
2015-08-03,121.500000,122.570000,112.099998,115.519997,108.992516,385000600
2015-08-10,116.529999,119.989998,109.629997,115.959999,109.902893,344717200
2015-08-17,116.040001,117.650002,105.650002,105.760002,100.235687,319668200
2015-08-24,94.870003,113.309998,92.000000,113.290001,107.372368,500363000
2015-08-31,112.029999,114.529999,107.360001,109.269997,103.562332,298194200
2015-09-07,111.750000,114.209999,109.769997,114.209999,108.244316,252662700
2015-09-14,116.580002,116.889999,111.870003,113.449997,107.524002,277276000
2015-09-21,113.669998,116.690002,112.370003,114.709999,108.718178,242696300
2015-09-28,113.849998,114.570000,107.309998,110.379997,104.614357,313896300
2015-10-05,109.879997,112.279999,108.209999,112.120003,106.263466,261772800
2015-10-12,112.730003,112.750000,109.559998,111.040001,105.239891,184885000
2015-10-19,110.800003,119.230003,110.110001,119.080002,112.859917,221354200
2015-10-26,118.080002,121.220001,113.989998,119.500000,113.257980,322362200
2015-11-02,120.800003,123.820000,119.610001,121.059998,114.736481,195203400
2015-11-09,120.959999,121.809998,112.269997,112.339996,106.927734,216555300
2015-11-16,111.379997,119.919998,111.000000,119.300003,113.552414,189981200
2015-11-23,119.269997,119.730003,117.120003,117.809998,112.134209,109720400
2015-11-30,117.989998,119.410004,114.220001,119.029999,113.295410,206765800
2015-12-07,118.980003,119.860001,112.849998,113.180000,107.727272,188745500
2015-12-14,112.180000,112.800003,105.809998,106.029999,100.921738,315106400
2015-12-21,107.279999,109.000000,105.570000,108.029999,102.825378,126607800
2015-12-28,107.589996,109.430000,104.820000,105.260002,100.188835,123484500
2016-01-04,102.610001,105.849998,96.430000,96.959999,92.288696,343790200
2016-01-11,98.970001,101.190002,95.360001,97.129997,92.450516,303513300
2016-01-18,98.410004,101.459999,93.419998,101.419998,96.533836,243384100
2016-01-25,101.519997,101.529999,92.389999,97.339996,92.650391,380336500
2016-02-01,96.470001,97.330002,93.690002,94.019997,89.490341,217154800
2016-02-08,93.129997,96.349998,92.589996,93.989998,89.947243,231122300
2016-02-15,95.019997,98.889999,94.610001,96.040001,91.909050,168316300
2016-02-22,96.309998,98.019997,93.320000,96.910004,92.741638,159052900
2016-02-29,96.860001,103.750000,96.650002,103.010002,98.579269,201803800
2016-03-07,102.389999,102.830002,100.150002,102.260002,97.861526,155514300
2016-03-14,101.910004,106.500000,101.779999,105.919998,101.364082,182073200
2016-03-21,105.930000,107.650002,104.889999,105.669998,101.124840,119783600
2016-03-28,106.000000,110.419998,104.879997,109.989998,105.259033,147965000
2016-04-04,110.419998,112.190002,108.120003,108.660004,103.986237,145722600
2016-04-11,108.970001,112.389999,108.660004,109.849998,105.125053,162310000
2016-04-18,108.889999,108.949997,104.620003,105.680000,101.134422,189065500
2016-04-25,105.000000,105.650002,92.510002,93.739998,89.707985,349424100
2016-05-02,93.970001,95.900002,91.849998,92.720001,88.731850,225365600
2016-05-09,93.000000,93.769997,89.470001,90.519997,87.153908,216049800
2016-05-16,92.389999,95.430000,91.650002,95.220001,91.679131,212707200
2016-05-23,95.870003,100.730003,95.669998,100.349998,96.618355,203888300
2016-05-30,99.599998,100.400002,96.629997,97.919998,94.278725,139735000
2016-06-06,97.989998,101.889999,97.550003,98.830002,95.154907,124864400
2016-06-13,98.690002,99.120003,95.300003,95.330002,91.785042,191732600
2016-06-20,96.000000,96.889999,92.650002,93.400002,89.926819,206729000
2016-06-27,93.000000,96.470001,91.500000,95.889999,92.324219,184328400
2016-07-04,95.389999,96.889999,94.370003,96.680000,93.084846,112706000
2016-07-11,96.750000,99.300003,96.730003,98.779999,95.106743,142910600
2016-07-18,98.699997,101.000000,98.309998,98.660004,94.991211,147565500
2016-07-25,98.250000,104.550003,96.419998,104.209999,100.334824,256571000
2016-08-01,104.410004,107.650002,104.000000,107.480003,103.483223,170149200
2016-08-08,107.519997,108.940002,107.160004,108.180000,104.721436,124505800
2016-08-15,108.139999,110.230003,108.080002,109.360001,105.863716,132371400
2016-08-22,108.860001,109.320000,106.309998,106.940002,103.521088,123605500
2016-08-29,106.620003,108.000000,105.500000,107.730003,104.285843,133000600
2016-09-05,107.900002,108.760002,103.129997,103.129997,99.832893,168803700
2016-09-12,102.650002,116.129997,102.529999,114.919998,111.245972,388228200
2016-09-19,115.190002,116.180000,111.550003,112.709999,109.106613,201095700
2016-09-26,111.639999,114.639999,111.550003,113.050003,109.435753,156384000
2016-10-03,112.709999,114.559998,112.279999,114.059998,110.413445,126029400
2016-10-10,115.019997,118.690002,114.720001,117.629997,113.869324,208708400
2016-10-17,117.330002,118.209999,113.800003,116.599998,112.872246,115531500
2016-10-24,117.099998,118.360001,113.309998,113.720001,110.084320,210225600
2016-10-31,113.650002,114.230003,108.110001,108.839996,105.360336,156346500
2016-11-07,110.080002,111.720001,105.830002,108.430000,105.502350,207019500
2016-11-14,107.709999,110.540001,104.080002,110.059998,107.088348,198341400
2016-11-21,110.120003,112.419998,110.010002,111.790001,108.771629,94132400
2016-11-28,111.430000,112.470001,108.849998,109.900002,106.932678,155500000
2016-12-05,110.000000,114.699997,108.250000,113.949997,110.873322,151989600
2016-12-12,113.290001,116.730003,112.489998,115.970001,112.838768,195015600
2016-12-19,115.800003,117.500000,115.589996,116.519997,113.373917,113323000
2016-12-26,116.519997,118.019997,115.430000,115.820000,112.692825,84828600
2017-01-02,115.800003,118.160004,114.760002,117.910004,114.726402,103845500
2017-01-09,117.949997,119.930000,117.940002,119.040001,115.825882,138810700
2017-01-16,118.339996,120.500000,118.220001,120.000000,116.759972,116348000
2017-01-23,120.000000,122.440002,119.500000,121.949997,118.657303,124539300
2017-01-30,120.930000,130.490005,120.620003,129.080002,125.594803,249781200
2017-02-06,129.130005,132.940002,128.899994,132.119995,128.552734,136449200
2017-02-13,133.080002,136.270004,132.750000,135.720001,132.628067,136667500
2017-02-20,136.229996,137.479996,135.279999,136.660004,133.546661,87908900
2017-02-27,137.139999,140.279999,136.279999,139.779999,136.595566,127474000
2017-03-06,139.369995,139.979996,137.050003,139.139999,135.970139,99672200
2017-03-13,138.850006,141.020004,138.820007,139.990005,136.800797,121539600
2017-03-20,140.399994,142.800003,139.729996,140.639999,137.435974,129674000
2017-03-27,139.389999,144.500000,138.619995,143.660004,140.387177,127008900
2017-04-03,143.710007,145.460007,143.050003,143.339996,140.074463,105416200
2017-04-10,143.600006,143.880005,140.059998,141.050003,137.836624,87485700
2017-04-17,141.479996,142.919998,140.449997,142.270004,139.028854,89248500
2017-04-24,143.500000,144.899994,143.179993,143.649994,140.377380,91153700
2017-05-01,145.100006,148.979996,144.270004,148.960007,145.566422,175351700
2017-05-08,149.029999,156.419998,149.029999,156.100006,152.543762,173470600
2017-05-15,156.009995,156.649994,149.710007,153.059998,150.190384,157354900
2017-05-22,154.000000,154.899994,152.669998,153.610001,150.730072,103226500
2017-05-29,153.419998,155.449997,152.220001,155.449997,152.535599,88752900
2017-06-05,154.339996,155.979996,146.020004,148.979996,146.186874,159159700
2017-06-12,145.740005,147.500000,142.199997,142.270004,139.602707,220530400
2017-06-19,143.660004,147.160004,143.660004,146.279999,143.537506,133253000
2017-06-26,147.169998,148.279999,142.279999,144.020004,141.319901,127060200
2017-07-03,144.880005,145.300003,142.410004,144.179993,141.476883,79177900
2017-07-10,144.110001,149.330002,143.369995,149.039993,146.245743,111088400
2017-07-17,148.820007,151.740005,148.570007,150.270004,147.452713,106081600
2017-07-24,150.580002,153.990005,147.300003,149.500000,146.697144,105818100
2017-07-31,149.899994,159.750000,148.130005,156.389999,153.457947,172808500
2017-08-07,157.059998,161.830002,154.630005,157.479996,154.527527,151269100
2017-08-14,159.320007,162.509995,156.720001,157.500000,155.154068,134628500
2017-08-21,157.500000,160.740005,155.110001,159.860001,157.478897,112671200
2017-08-28,160.139999,164.940002,159.929993,164.050003,161.606491,126128700
2017-09-04,163.750000,164.250000,158.529999,158.630005,156.267227,101660200
2017-09-11,160.500000,163.960007,157.910004,159.880005,157.498611,221077500
2017-09-18,160.110001,160.500000,150.559998,151.889999,149.627625,186188500
2017-09-25,149.990005,154.720001,149.160004,154.119995,151.824387,154856800
2017-10-02,154.259995,155.490005,152.460007,155.300003,152.986816,93784300
2017-10-09,155.809998,158.000000,155.100006,156.990005,154.651642,81304800
2017-10-16,157.899994,160.869995,155.020004,156.250000,153.922668,126051300
2017-10-23,156.889999,163.600006,155.270004,163.050003,160.621384,122403300
2017-10-30,163.889999,174.259995,163.720001,172.500000,169.930634,215177400
2017-11-06,172.369995,176.240005,171.720001,174.669998,172.068298,138425400
2017-11-13,173.500000,174.500000,168.380005,170.149994,168.218185,116459700
2017-11-20,170.289993,175.500000,169.559998,174.970001,172.983475,81009300
2017-11-27,175.050003,175.080002,167.160004,171.050003,169.107971,170098500
2017-12-04,172.479996,172.619995,166.460007,169.369995,167.447037,137481100
2017-12-11,169.199997,174.169998,168.789993,173.970001,171.994812,139147200
2017-12-18,174.880005,177.199997,173.250000,175.009995,173.023026,117397600
2017-12-25,170.800003,171.850006,169.220001,169.229996,167.308640,97048300
2018-01-01,170.160004,175.369995,169.259995,175.000000,173.013123,101168400
2018-01-08,174.350006,177.360001,173.000000,177.089996,175.079391,110005400
2018-01-15,177.899994,180.100006,175.070007,178.460007,176.433853,127571200
2018-01-22,177.300003,179.440002,170.059998,171.509995,169.562744,191574800
2018-01-29,170.160004,170.160004,160.100006,160.500000,158.677750,262992100
2018-02-05,159.100006,163.880005,150.240005,156.410004,154.634201,317654000
2018-02-12,158.500000,174.820007,157.509995,172.429993,171.167343,225336900
2018-02-19,172.050003,175.649994,171.009995,175.500000,174.214859,136206400
2018-02-26,176.350006,180.619995,172.449997,176.210007,174.919678,202128400
2018-03-05,175.210007,180.000000,174.270004,179.979996,178.662048,139852700
2018-03-12,180.289993,183.500000,177.619995,178.020004,176.716415,155417500
2018-03-19,177.320007,177.470001,164.940002,164.940002,163.732193,171953900
2018-03-26,168.070007,175.149994,165.190002,167.779999,166.551392,158530800
2018-04-02,166.639999,174.229996,164.470001,168.380005,167.147018,164408800
2018-04-09,169.880005,175.839996,169.850006,174.729996,173.450500,127871500
2018-04-16,175.029999,178.940002,165.429993,165.720001,164.506470,169141800
2018-04-23,166.830002,166.919998,160.630005,162.320007,161.131378,162208400
2018-04-30,162.130005,184.250000,161.839996,183.830002,182.483856,252805700
2018-05-07,185.179993,190.369995,183.669998,188.589996,187.209000,148266900
2018-05-14,189.009995,189.529999,185.100006,186.309998,185.658875,99248800
2018-05-21,188.000000,189.649994,185.759995,188.580002,187.920944,94394900
2018-05-28,187.600006,190.259995,186.139999,190.240005,189.575150,92129900
2018-06-04,191.639999,194.199997,189.770004,191.699997,191.030029,116769800
2018-06-11,191.350006,192.880005,188.259995,188.839996,188.180023,140187300
2018-06-18,187.880005,189.220001,183.449997,184.919998,184.273727,125604400
2018-06-25,183.399994,187.279999,180.729996,185.110001,184.463074,121620500
2018-07-02,183.820007,188.429993,183.419998,187.970001,187.313080,65775500
2018-07-09,189.500000,191.839996,187.610001,191.330002,190.661331,85082200
2018-07-16,191.520004,192.649994,189.199997,191.440002,190.770950,87934000
2018-07-23,190.679993,195.960007,189.559998,190.979996,190.312546,94497200
2018-07-30,191.899994,208.740005,189.070007,207.990005,207.263107,224189600
2018-08-06,208.000000,209.779999,204.520004,207.529999,206.804718,121642100
2018-08-13,209.309998,217.949997,207.699997,217.580002,217.580002,139373900
2018-08-20,218.100006,219.179993,213.839996,216.160004,216.160004,112825200
2018-08-27,217.149994,228.869995,216.330002,227.630005,227.630005,162690600
2018-09-03,228.410004,229.669998,220.710007,221.300003,221.300003,132632900
2018-09-10,220.949997,228.350006,216.470001,223.839996,223.839996,198249900
2018-09-17,222.149994,222.949997,215.300003,217.660004,217.660004,218746100
2018-09-24,216.820007,226.440002,216.630005,225.740005,225.740005,129343100
2018-10-01,227.949997,233.470001,220.580002,224.289993,224.289993,142666300
2018-10-08,222.210007,227.270004,212.320007,222.110001,222.110001,192007800
2018-10-15,221.160004,222.990005,213.000000,219.309998,219.309998,148520400
2018-10-22,219.789993,224.229996,214.539993,219.800003,219.800003,137598700
